iter	Passed	Remaining
0	322	966980
1	634	951561
2	919	918607
3	1253	939142
4	1585	949967
5	1892	944285
6	2214	946810
7	2511	939254
8	2807	932935
9	3102	927538
10	3426	931037
11	3753	934583
12	4058	932584
13	4363	930696
14	4683	932071
15	4988	930274
16	5294	929112
17	5587	925741
18	5895	925005
19	6213	925867
20	6507	923163
21	6804	921016
22	7135	923575
23	7422	920404
24	7731	920009
25	8016	916920
26	8332	917541
27	8619	914921
28	8906	912497
29	9208	911613
30	9517	911565
31	9805	909471
32	10102	908297
33	10411	908283
34	10727	908796
35	11033	908417
36	11321	906672
37	11620	905810
38	11911	904335
39	12214	903874
40	12528	904165
41	12831	903727
42	13122	902427
43	13419	901537
44	13728	901536
45	14039	901608
46	14346	901389
47	14646	900764
48	14945	900066
49	15259	900284
50	15542	898745
51	15837	897849
52	16160	898557
53	16477	898955
54	16798	899509
55	17111	899560
56	17428	899879
57	17745	900117
58	18060	900270
59	18363	899819
60	18682	900130
61	18998	900291
62	19309	900183
63	19605	899405
64	19914	899203
65	20211	898510
66	20508	897783
67	20854	899213
68	21182	899786
69	21480	899102
70	21777	898416
71	22108	899079
72	22410	898583
73	22721	898409
74	23030	898192
75	23334	897765
76	23642	897508
77	23939	896827
78	24248	896588
79	24572	896899
80	24882	896690
81	25204	896910
82	25515	896741
83	25844	897163
84	26142	896543
85	26438	895846
86	26755	895846
87	27064	895594
88	27330	893915
89	27650	894029
90	27968	894076
91	28275	893765
92	28585	893529
93	28905	893615
94	29210	893229
95	29512	892763
96	29829	892733
97	30151	892868
98	30470	892876
99	30806	893390
100	31102	892747
101	31434	893122
102	31721	892206
103	32027	891853
104	32349	891908
105	32628	890828
106	32936	890504
107	33242	890169
108	33543	889675
109	33865	889751
110	34155	888961
111	34421	887582
112	34716	886948
113	35006	886213
114	35288	885277
115	35594	884950
116	35860	883632
117	36160	883181
118	36422	881797
119	36728	881472
120	37026	880975
121	37327	880559
122	37639	880397
123	37951	880219
124	38258	879941
125	38563	879605
126	38895	879901
127	39189	879313
128	39491	878909
129	39798	878639
130	40099	878202
131	40414	878106
132	40718	877739
133	41037	877718
134	41328	877073
135	41636	876812
136	41929	876224
137	42232	875859
138	42537	875542
139	42824	874850
140	43157	875088
141	43457	874668
142	43738	873858
143	44039	873444
144	44352	873284
145	44647	872764
146	44948	872363
147	45228	871557
148	45539	871364
149	45860	871355
150	46194	871579
151	46490	871091
152	46786	870602
153	47099	870421
154	47401	870038
155	47675	869159
156	47989	869013
157	48278	868399
158	48556	867600
159	48867	867404
160	49184	867296
161	49474	866721
162	49757	866026
163	50040	865341
164	50370	865460
165	50648	864682
166	50939	864140
167	51310	864947
168	51642	865088
169	51929	864474
170	52240	864262
171	52545	863953
172	52864	863869
173	53165	863487
174	53499	863634
175	53798	863225
176	54122	863208
177	54417	862723
178	54724	862451
179	55036	862242
180	55313	861484
181	55616	861143
182	55906	860595
183	56214	860332
184	56513	859928
185	56829	859773
186	57120	859257
187	57422	858897
188	57728	858592
189	58040	858393
190	58343	858041
191	58657	857862
192	58944	857294
193	59236	856798
194	59524	856239
195	59841	856102
196	60142	855735
197	60462	855629
198	60767	855324
199	61069	854976
200	61378	854720
201	61670	854224
202	61975	853913
203	62291	853761
204	62593	853405
205	62885	852920
206	63179	852459
207	63473	852007
208	63772	851626
209	64063	851131
210	64372	850874
211	64667	850438
212	64948	849819
213	65262	849636
214	65549	849090
215	65869	848980
216	66179	848746
217	66503	848677
218	66832	848676
219	67118	848132
220	67393	847452
221	67672	846819
222	67985	846612
223	68251	845831
224	68550	845452
225	68884	845509
226	69196	845299
227	69493	844897
228	69819	844850
229	70143	844776
230	70452	844514
231	70768	844338
232	71087	844196
233	71367	843601
234	71687	843469
235	71980	843020
236	72251	842325
237	72570	842178
238	72890	842054
239	73169	841452
240	73460	840985
241	73739	840381
242	74080	840497
243	74375	840079
244	74663	839580
245	74974	839351
246	75275	839004
247	75553	838404
248	75896	838520
249	76203	838236
250	76512	837983
251	76798	837469
252	77089	837013
253	77409	836870
254	77728	836721
255	78045	836553
256	78351	836254
257	78678	836184
258	78977	835816
259	79270	835387
260	79581	835147
261	79918	835177
262	80230	834944
263	80529	834581
264	80830	834231
265	81133	833906
266	81434	833556
267	81729	833148
268	82026	832763
269	82314	832289
270	82599	831789
271	82915	831596
272	83224	831334
273	83508	830820
274	83824	830622
275	84148	830512
276	84454	830219
277	84739	829711
278	85026	829236
279	85330	828921
280	85651	828775
281	85922	828148
282	86211	827688
283	86523	827457
284	86842	827290
285	87128	826808
286	87441	826584
287	87731	826134
288	88042	825890
289	88343	825550
290	88605	824852
291	88887	824339
292	89190	824021
293	89475	823542
294	89783	823264
295	90084	822937
296	90375	822508
297	90696	822353
298	90994	821993
299	91327	821946
300	91616	821507
301	91922	821216
302	92211	820770
303	92513	820446
304	92849	820422
305	93170	820265
306	93494	820134
307	93810	819928
308	94119	819666
309	94434	819443
310	94743	819181
311	95035	818764
312	95363	818664
313	95639	818110
314	95911	817532
315	96194	817046
316	96536	817054
317	96859	816905
318	97194	816859
319	97537	816873
320	97871	816812
321	98186	816597
322	98523	816558
323	98840	816353
324	99148	816069
325	99442	815676
326	99768	815537
327	100106	815505
328	100400	815106
329	100696	814722
330	101034	814687
331	101306	814109
332	101597	813695
333	101904	813406
334	102181	812875
335	102504	812712
336	102801	812345
337	103111	812078
338	103443	811986
339	103753	811717
340	104043	811294
341	104346	810974
342	104682	810906
343	104992	810641
344	105286	810245
345	105621	810168
346	105941	809976
347	106229	809544
348	106528	809189
349	106820	808787
350	107139	808580
351	107420	808095
352	107722	807764
353	108029	807473
354	108326	807108
355	108611	806655
356	108879	806072
357	109170	805664
358	109484	805426
359	109780	805054
360	110116	804980
361	110419	804658
362	110732	804414
363	111042	804142
364	111369	803997
365	111684	803760
366	111967	803297
367	112257	802883
368	112530	802349
369	112840	802080
370	113164	801912
371	113458	801526
372	113768	801260
373	114084	801029
374	114372	800609
375	114680	800325
376	114986	800026
377	115286	799685
378	115613	799533
379	115909	799165
380	116228	798955
381	116538	798688
382	116813	798172
383	117108	797799
384	117408	797460
385	117705	797103
386	117976	796569
387	118294	796351
388	118558	795772
389	118866	795489
390	119130	794915
391	119442	794659
392	119757	794422
393	120040	793972
394	120338	793625
395	120648	793357
396	120962	793108
397	121252	792708
398	121546	792339
399	121856	792065
400	122176	791862
401	122469	791482
402	122768	791139
403	123058	790740
404	123343	790310
405	123620	789830
406	123880	789245
407	124188	788964
408	124486	788618
409	124766	788161
410	125102	788052
411	125415	787807
412	125719	787498
413	125999	787039
414	126327	786881
415	126635	786598
416	126938	786287
417	127233	785928
418	127542	785651
419	127852	785377
420	128171	785162
421	128461	784772
422	128777	784535
423	129059	784095
424	129370	783833
425	129676	783537
426	129975	783202
427	130263	782799
428	130572	782524
429	130880	782241
430	131153	781749
431	131463	781479
432	131804	781392
433	132104	781059
434	132425	780852
435	132746	780648
436	133050	780341
437	133364	780089
438	133712	780039
439	134016	779734
440	134337	779522
441	134634	779175
442	134937	778857
443	135250	778606
444	135573	778407
445	135870	778058
446	136211	777962
447	136516	777656
448	136810	777289
449	137103	776922
450	137411	776634
451	137701	776246
452	137999	775904
453	138311	775639
454	138608	775292
455	138900	774921
456	139203	774602
457	139483	774165
458	139780	773818
459	140056	773352
460	140339	772933
461	140605	772418
462	140878	771942
463	141171	771572
464	141463	771206
465	141746	770782
466	142033	770385
467	142290	769830
468	142579	769440
469	142863	769031
470	143137	768565
471	143448	768302
472	143729	767872
473	144017	767483
474	144318	767164
475	144626	766887
476	144935	766608
477	145222	766216
478	145540	765984
479	145867	765804
480	146156	765421
481	146453	765085
482	146755	764767
483	147054	764442
484	147399	764351
485	147728	764178
486	148024	763829
487	148332	763549
488	148633	763226
489	148912	762798
490	149211	762469
491	149512	762149
492	149829	761913
493	150108	761482
494	150410	761170
495	150744	761015
496	151047	760707
497	151366	760481
498	151680	760228
499	151989	759947
500	152291	759635
501	152571	759209
502	152878	758919
503	153174	758578
504	153455	758159
505	153757	757848
506	154064	757557
507	154368	757255
508	154670	756942
509	154956	756554
510	155249	756194
511	155523	755749
512	155842	755515
513	156130	755136
514	156422	754774
515	156695	754325
516	156975	753908
517	157281	753614
518	157577	753273
519	157873	752932
520	158143	752470
521	158436	752117
522	158729	751764
523	159022	751412
524	159314	751051
525	159637	750840
526	159911	750400
527	160226	750151
528	160527	749836
529	160835	749554
530	161129	749204
531	161416	748824
532	161725	748547
533	162039	748293
534	162322	747895
535	162617	747554
536	162918	747239
537	163240	747021
538	163531	746664
539	163812	746257
540	164143	746076
541	164448	745781
542	164726	745362
543	165015	744998
544	165304	744630
545	165587	744234
546	165900	743974
547	166205	743679
548	166511	743389
549	166837	743185
550	167126	742817
551	167393	742355
552	167733	742214
553	168101	742196
554	168391	741832
555	168669	741417
556	168955	741037
557	169242	740661
558	169571	740470
559	169919	740364
560	170387	740776
561	170705	740532
562	171011	740240
563	171336	740025
564	171634	739700
565	171932	739369
566	172238	739075
567	172519	738674
568	172802	738282
569	173090	737910
570	173392	737600
571	173692	737283
572	174012	737048
573	174288	736628
574	174565	736211
575	174877	735941
576	175197	735707
577	175488	735349
578	175794	735058
579	176138	734920
580	176456	734679
581	176735	734271
582	177004	733825
583	177290	733447
584	177570	733046
585	177866	732711
586	178154	732345
587	178453	732025
588	178765	731755
589	179057	731403
590	179378	731171
591	179686	730886
592	179956	730448
593	180243	730076
594	180544	729764
595	180821	729353
596	181096	728935
597	181390	728594
598	181714	728373
599	182030	728120
600	182312	727734
601	182612	727417
602	182879	726970
603	183163	726588
604	183477	726328
605	183776	726009
606	184059	725626
607	184370	725354
608	184670	725037
609	184971	724722
610	185259	724361
611	185553	724022
612	185879	723809
613	186164	723435
614	186478	723173
615	186783	722875
616	187081	722554
617	187373	722207
618	187653	721813
619	187965	721545
620	188233	721105
621	188540	720817
622	188827	720454
623	189121	720116
624	189429	719831
625	189737	719547
626	190064	719336
627	190381	719085
628	190690	718801
629	190958	718369
630	191275	718118
631	191568	717775
632	191843	717365
633	192140	717043
634	192433	716700
635	192741	716415
636	193037	716086
637	193321	715714
638	193608	715353
639	193929	715114
640	194218	714760
641	194513	714429
642	194813	714114
643	195112	713796
644	195391	713405
645	195687	713077
646	195961	712669
647	196288	712453
648	196582	712121
649	196875	711779
650	197174	711465
651	197482	711179
652	197804	710944
653	198133	710735
654	198459	710515
655	198790	710311
656	199092	710004
657	199365	709597
658	199696	709392
659	200008	709121
660	200325	708866
661	200666	708697
662	200957	708353
663	201239	707974
664	201541	707669
665	201832	707322
666	202129	706999
667	202432	706696
668	202726	706360
669	203026	706048
670	203319	705707
671	203608	705358
672	203876	704932
673	204158	704557
674	204465	704270
675	204772	703980
676	205047	703583
677	205359	703309
678	205697	703128
679	205990	702790
680	206279	702439
681	206578	702124
682	206846	701704
683	207137	701359
684	207445	701074
685	207753	700788
686	208027	700390
687	208317	700043
688	208600	699674
689	208937	699486
690	209234	699164
691	209539	698867
692	209831	698528
693	210135	698232
694	210433	697911
695	210748	697649
696	211049	697342
697	211370	697098
698	211668	696780
699	211958	696434
700	212256	696117
701	212544	695765
702	212812	695349
703	213142	695136
704	213429	694780
705	213726	694459
706	214009	694093
707	214299	693747
708	214584	693388
709	214876	693052
710	215180	692755
711	215493	692484
712	215767	692091
713	216069	691787
714	216359	691443
715	216638	691063
716	216850	690474
717	217141	690135
718	217437	689811
719	217717	689440
720	218008	689100
721	218354	688935
722	218660	688644
723	218930	688240
724	219261	688027
725	219567	687735
726	219857	687396
727	220158	687087
728	220464	686797
729	220764	686486
730	221041	686104
731	221347	685813
732	221659	685542
733	221949	685200
734	222261	684928
735	222593	684718
736	222866	684324
737	223154	683978
738	223453	683665
739	223764	683387
740	224055	683053
741	224354	682739
742	224633	682364
743	224901	681958
744	225211	681679
745	225493	681315
746	225802	681035
747	226112	680755
748	226435	680516
749	226706	680120
750	226998	679785
751	227278	679417
752	227570	679083
753	227875	678789
754	228182	678504
755	228491	678219
756	228807	677960
757	229120	677688
758	229475	677542
759	229788	677272
760	230098	676990
761	230443	676813
762	230731	676468
763	231021	676130
764	231354	675917
765	231657	675618
766	231943	675265
767	232238	674941
768	232526	674599
769	232825	674287
770	233093	673884
771	233409	673622
772	233693	673266
773	233982	672925
774	234310	672697
775	234650	672503
776	234936	672153
777	235214	671780
778	235496	671420
779	235783	671075
780	236063	670711
781	236342	670341
782	236616	669960
783	236890	669578
784	237203	669306
785	237498	668983
786	237802	668688
787	238106	668390
788	238386	668026
789	238689	667726
790	238976	667380
791	239287	667105
792	239607	666852
793	239897	666516
794	240197	666208
795	240527	665983
796	240834	665694
797	241097	665285
798	241391	664958
799	241722	664736
800	242010	664396
801	242302	664064
802	242586	663713
803	242874	663374
804	243173	663063
805	243476	662762
806	243783	662474
807	244120	662268
808	244470	662094
809	244770	661787
810	245077	661497
811	245407	661271
812	245708	660963
813	246029	660712
814	246347	660453
815	246659	660177
816	246962	659875
817	247279	659613
818	247591	659336
819	247910	659079
820	248234	658834
821	248550	658568
822	248856	658276
823	249256	658229
824	249827	658637
825	250152	658391
826	250461	658105
827	250786	657861
828	251126	657655
829	251415	657315
830	251724	657027
831	252026	656723
832	252347	656465
833	252633	656119
834	252906	655739
835	253211	655443
836	253514	655139
837	253840	654896
838	254112	654513
839	254423	654231
840	254716	653902
841	255025	653617
842	255300	653242
843	255629	653006
844	255960	652774
845	256291	652544
846	256631	652334
847	256916	651986
848	257199	651633
849	257474	651259
850	257764	650923
851	258059	650600
852	258387	650361
853	258672	650013
854	258959	649670
855	259248	649333
856	259532	648982
857	259822	648648
858	260103	648289
859	260424	648033
860	260701	647666
861	260974	647290
862	261263	646953
863	261599	646730
864	261908	646445
865	262219	646161
866	262522	645859
867	262846	645609
868	263140	645284
869	263435	644962
870	263771	644740
871	264112	644532
872	264431	644267
873	264737	643972
874	265067	643734
875	265375	643444
876	265699	643191
877	266017	642926
878	266306	642589
879	266628	642331
880	266936	642041
881	267239	641738
882	267568	641498
883	267847	641136
884	268146	640824
885	268414	640439
886	268738	640185
887	269016	639822
888	269316	639512
889	269602	639169
890	269891	638834
891	270181	638499
892	270518	638277
893	270819	637970
894	271113	637646
895	271416	637344
896	271699	636993
897	272019	636732
898	272309	636399
899	272601	636070
900	272909	635778
901	273225	635507
902	273516	635175
903	273787	634799
904	274097	634512
905	274405	634220
906	274680	633855
907	274975	633532
908	275272	633217
909	275590	632948
910	275902	632666
911	276184	632317
912	276464	631961
913	276748	631617
914	277044	631297
915	277307	630904
916	277579	630531
917	277880	630225
918	278194	629948
919	278486	629620
920	278789	629319
921	279091	629015
922	279387	628697
923	279722	628467
924	280045	628209
925	280378	627975
926	280675	627660
927	281022	627456
928	281304	627106
929	281600	626788
930	281908	626497
931	282209	626189
932	282507	625876
933	282859	625682
934	283152	625358
935	283433	625006
936	283725	624679
937	284046	624417
938	284345	624106
939	284649	623806
940	284960	623521
941	285231	623149
942	285513	622800
943	285809	622483
944	286096	622145
945	286411	621869
946	286724	621590
947	286992	621211
948	287301	620921
949	287618	620650
950	287941	620391
951	288255	620113
952	288549	619791
953	288845	619474
954	289156	619188
955	289461	618890
956	289768	618596
957	290065	618281
958	290361	617964
959	290674	617683
960	290992	617413
961	291288	617095
962	291569	616746
963	291874	616449
964	292218	616233
965	292504	615893
966	292782	615538
967	293068	615202
968	293367	614889
969	293671	614591
970	293984	614308
971	294268	613966
972	294592	613709
973	294900	613416
974	295184	613075
975	295501	612801
976	295793	612477
977	296103	612189
978	296400	611874
979	296734	611636
980	297030	611320
981	297347	611046
982	297627	610696
983	297949	610433
984	298262	610150
985	298571	609862
986	298876	609561
987	299171	609244
988	299517	609029
989	299838	608762
990	300130	608438
991	300432	608133
992	300716	607792
993	301020	607492
994	301295	607133
995	301604	606843
996	301906	606538
997	302174	606166
998	302458	605826
999	302750	605501
1000	303055	605202
1001	303360	604905
1002	303669	604613
1003	303953	604273
1004	304243	603945
1005	304549	603649
1006	304833	603309
1007	305112	602960
1008	305403	602634
1009	305675	602270
1010	305982	601976
1011	306266	601637
1012	306567	601331
1013	306864	601018
1014	307153	600689
1015	307452	600379
1016	307744	600055
1017	308025	599711
1018	308313	599380
1019	308598	599044
1020	308900	598741
1021	309178	598390
1022	309526	598174
1023	309804	597825
1024	310111	597532
1025	310429	597258
1026	310754	597000
1027	311088	596758
1028	311453	596573
1029	311822	596398
1030	312101	596050
1031	312406	595751
1032	312709	595450
1033	313033	595187
1034	313319	594853
1035	313611	594530
1036	313940	594276
1037	314241	593971
1038	314528	593638
1039	314828	593330
1040	315122	593011
1041	315430	592718
1042	315734	592418
1043	316007	592059
1044	316317	591771
1045	316660	591542
1046	316950	591217
1047	317252	590913
1048	317584	590665
1049	317884	590356
1050	318185	590051
1051	318481	589736
1052	318759	589388
1053	319054	589070
1054	319344	588744
1055	319656	588458
1056	319941	588123
1057	320262	587854
1058	320568	587557
1059	320849	587215
1060	321129	586870
1061	321441	586584
1062	321750	586293
1063	322075	586032
1064	322415	585797
1065	322713	585485
1066	323004	585161
1067	323293	584833
1068	323575	584494
1069	323848	584138
1070	324132	583800
1071	324431	583492
1072	324740	583200
1073	325044	582900
1074	325322	582554
1075	325608	582222
1076	325939	581969
1077	326239	581663
1078	326526	581331
1079	326807	580991
1080	327116	580699
1081	327450	580452
1082	327741	580130
1083	328041	579821
1084	328351	579532
1085	328651	579226
1086	328953	578921
1087	329230	578574
1088	329543	578289
1089	329846	577988
1090	330148	577684
1091	330473	577420
1092	330810	577178
1093	331119	576885
1094	331415	576572
1095	331716	576265
1096	332056	576028
1097	332371	575746
1098	332697	575485
1099	333014	575206
1100	333306	574884
1101	333614	574591
1102	333934	574319
1103	334261	574058
1104	334579	573780
1105	334887	573487
1106	335181	573169
1107	335513	572915
1108	335829	572636
1109	336105	572288
1110	336382	571941
1111	336700	571664
1112	336980	571322
1113	337260	570980
1114	337572	570694
1115	337890	570418
1116	338194	570116
1117	338477	569780
1118	338766	569454
1119	339088	569184
1120	339360	568830
1121	339636	568482
1122	339926	568158
1123	340245	567883
1124	340502	567504
1125	340788	567173
1126	341079	566851
1127	341366	566522
1128	341687	566250
1129	341972	565918
1130	342277	565621
1131	342571	565302
1132	342829	564927
1133	343127	564616
1134	343423	564303
1135	343735	564016
1136	344020	563685
1137	344315	563371
1138	344628	563084
1139	344920	562765
1140	345221	562460
1141	345498	562116
1142	345802	561815
1143	346117	561533
1144	346418	561227
1145	346699	560890
1146	346999	560583
1147	347312	560297
1148	347607	559983
1149	347900	559666
1150	348201	559361
1151	348487	559031
1152	348776	558708
1153	349068	558388
1154	349391	558119
1155	349656	557756
1156	349986	557498
1157	350348	557289
1158	350660	557002
1159	350963	556699
1160	351272	556407
1161	351605	556154
1162	352057	556086
1163	352545	556077
1164	352873	555813
1165	353194	555539
1166	353487	555221
1167	353778	554898
1168	354105	554634
1169	354389	554302
1170	354683	553984
1171	354992	553691
1172	355294	553386
1173	355603	553093
1174	355914	552802
1175	356215	552497
1176	356545	552236
1177	356854	551943
1178	357151	551631
1179	357448	551318
1180	357734	550989
1181	358033	550680
1182	358326	550362
1183	358645	550085
1184	358917	549734
1185	359219	549429
1186	359510	549109
1187	359815	548810
1188	360136	548533
1189	360442	548235
1190	360756	547949
1191	361078	547676
1192	361386	547381
1193	361678	547061
1194	362016	546812
1195	362338	546537
1196	362642	546235
1197	362943	545929
1198	363268	545660
1199	363582	545373
1200	363882	545066
1201	364151	544712
1202	364458	544415
1203	364751	544097
1204	365024	543750
1205	365304	543413
1206	365596	543094
1207	365908	542805
1208	366217	542510
1209	366526	542217
1210	366865	541967
1211	367180	541682
1212	367473	541364
1213	367748	541020
1214	368028	540684
1215	368305	540342
1216	368595	540021
1217	368902	539724
1218	369202	539417
1219	369521	539137
1220	369828	538841
1221	370131	538537
1222	370450	538258
1223	370743	537942
1224	371036	537623
1225	371336	537317
1226	371651	537032
1227	371962	536741
1228	372276	536454
1229	372564	536128
1230	372881	535846
1231	373164	535515
1232	373460	535203
1233	373765	534902
1234	374059	534587
1235	374346	534262
1236	374625	533924
1237	374927	533620
1238	375227	533314
1239	375525	533004
1240	375836	532712
1241	376133	532401
1242	376417	532071
1243	376759	531824
1244	377033	531481
1245	377330	531170
1246	377623	530853
1247	377914	530533
1248	378251	530278
1249	378565	529991
1250	378857	529673
1251	379143	529347
1252	379448	529047
1253	379708	528684
1254	380033	528413
1255	380326	528096
1256	380634	527800
1257	380933	527492
1258	381252	527212
1259	381563	526921
1260	381878	526635
1261	382204	526363
1262	382542	526109
1263	382840	525799
1264	383131	525480
1265	383429	525171
1266	383729	524863
1267	384015	524537
1268	384307	524221
1269	384619	523929
1270	384927	523634
1271	385199	523290
1272	385474	522949
1273	385772	522639
1274	386046	522298
1275	386337	521980
1276	386642	521680
1277	386954	521390
1278	387260	521091
1279	387568	520795
1280	387881	520505
1281	388169	520184
1282	388476	519885
1283	388773	519576
1284	389081	519279
1285	389387	518980
1286	389688	518675
1287	389991	518374
1288	390310	518092
1289	390668	517862
1290	390976	517566
1291	391273	517256
1292	391581	516960
1293	391870	516638
1294	392158	516317
1295	392454	516005
1296	392768	515716
1297	393055	515393
1298	393340	515067
1299	393638	514758
1300	393952	514470
1301	394254	514165
1302	394566	513874
1303	394871	513574
1304	395179	513279
1305	395461	512949
1306	395781	512668
1307	396096	512381
1308	396426	512114
1309	396732	511815
1310	397008	511478
1311	397297	511156
1312	397615	510874
1313	397930	510586
1314	398265	510325
1315	398617	510084
1316	398899	509755
1317	399181	509426
1318	399457	509088
1319	399758	508783
1320	400057	508476
1321	400339	508147
1322	400652	507856
1323	400988	507595
1324	401302	507306
1325	401596	506993
1326	401887	506675
1327	402188	506370
1328	402510	506091
1329	402811	505785
1330	403119	505489
1331	403398	505157
1332	403708	504863
1333	403987	504530
1334	404302	504242
1335	404606	503940
1336	404898	503624
1337	405184	503300
1338	405473	502980
1339	405789	502694
1340	406088	502387
1341	406391	502083
1342	406697	501785
1343	406999	501481
1344	407315	501195
1345	407635	500913
1346	407943	500616
1347	408257	500327
1348	408543	500003
1349	408841	499695
1350	409132	499378
1351	409412	499047
1352	409715	498744
1353	410009	498430
1354	410289	498100
1355	410580	497783
1356	410891	497490
1357	411201	497196
1358	411511	496902
1359	411817	496603
1360	412113	496292
1361	412416	495990
1362	412715	495681
1363	413000	495357
1364	413291	495040
1365	413606	494753
1366	413922	494466
1367	414264	494209
1368	414546	493882
1369	414838	493566
1370	415157	493282
1371	415470	492992
1372	415764	492678
1373	416072	492382
1374	416299	491990
1375	416587	491670
1376	416896	491375
1377	417220	491097
1378	417532	490804
1379	417836	490503
1380	418095	490149
1381	418391	489839
1382	418716	489562
1383	419006	489244
1384	419304	488936
1385	419598	488623
1386	419895	488314
1387	420185	487996
1388	420450	487649
1389	420751	487345
1390	421047	487035
1391	421376	486762
1392	421665	486443
1393	421976	486150
1394	422275	485843
1395	422572	485534
1396	422847	485199
1397	423160	484908
1398	423465	484608
1399	423757	484294
1400	424080	484015
1401	424379	483707
1402	424661	483381
1403	424952	483066
1404	425253	482761
1405	425562	482465
1406	425869	482167
1407	426178	481872
1408	426479	481567
1409	426798	481283
1410	427118	480999
1411	427432	480710
1412	427742	480415
1413	428043	480111
1414	428355	479818
1415	428658	479515
1416	428936	479185
1417	429248	478894
1418	429551	478590
1419	429852	478286
1420	430150	477978
1421	430495	477722
1422	430810	477433
1423	431122	477140
1424	431462	476879
1425	431754	476565
1426	432040	476243
1427	432338	475936
1428	432654	475647
1429	432946	475332
1430	433247	475028
1431	433562	474738
1432	433876	474448
1433	434162	474127
1434	434456	473815
1435	434769	473523
1436	435054	473201
1437	435344	472884
1438	435610	472541
1439	435914	472240
1440	436224	471945
1441	436536	471652
1442	436828	471339
1443	437120	471025
1444	437419	470717
1445	437729	470423
1446	438031	470119
1447	438360	469844
1448	438656	469534
1449	438967	469240
1450	439263	468931
1451	439585	468649
1452	439893	468351
1453	440198	468051
1454	440508	467756
1455	440818	467460
1456	441136	467174
1457	441434	466866
1458	441729	466555
1459	442037	466258
1460	442330	465945
1461	442651	465662
1462	442947	465351
1463	443265	465065
1464	443566	464760
1465	443842	464429
1466	444148	464130
1467	444443	463819
1468	444747	463518
1469	445048	463213
1470	445345	462905
1471	445629	462582
1472	445955	462304
1473	446288	462032
1474	446606	461745
1475	446915	461448
1476	447260	461190
1477	447539	460862
1478	447846	460564
1479	448126	460237
1480	448430	459936
1481	448850	459753
1482	449172	459470
1483	449487	459180
1484	449799	458886
1485	450138	458619
1486	450469	458345
1487	450760	458030
1488	451041	457705
1489	451355	457414
1490	451631	457084
1491	451916	456762
1492	452199	456440
1493	452502	456137
1494	452812	455840
1495	453101	455524
1496	453405	455222
1497	453744	454956
1498	454064	454669
1499	454376	454376
1500	454666	454061
1501	454993	453781
1502	455309	453491
1503	455618	453194
1504	455931	452902
1505	456235	452599
1506	456543	452301
1507	456823	451976
1508	457095	451642
1509	457412	451354
1510	457693	451029
1511	457966	450697
1512	458287	450412
1513	458581	450100
1514	458885	449798
1515	459167	449475
1516	459487	449189
1517	459776	448873
1518	460054	448545
1519	460361	448246
1520	460681	447960
1521	460974	447648
1522	461299	447366
1523	461596	447057
1524	461944	446799
1525	462240	446489
1526	462524	446168
1527	462796	445835
1528	463113	445546
1529	463432	445259
1530	463774	444993
1531	464089	444702
1532	464404	444410
1533	464720	444119
1534	465020	443814
1535	465351	443537
1536	465663	443243
1537	465973	442947
1538	466279	442647
1539	466604	442365
1540	466909	442064
1541	467249	441795
1542	467539	441480
1543	467850	441185
1544	468116	440847
1545	468398	440524
1546	468668	440191
1547	468996	439911
1548	469301	439610
1549	469612	439314
1550	469894	438992
1551	470214	438705
1552	470503	438389
1553	470786	438067
1554	471115	437788
1555	471414	437482
1556	471714	437176
1557	472006	436863
1558	472333	436582
1559	472650	436292
1560	472949	435986
1561	473257	435687
1562	473573	435396
1563	473855	435074
1564	474147	434761
1565	474441	434450
1566	474730	434134
1567	475023	433822
1568	475337	433530
1569	475659	433243
1570	475977	432954
1571	476281	432652
1572	476578	432344
1573	476879	432039
1574	477192	431745
1575	477504	431450
1576	477811	431151
1577	478108	430842
1578	478442	430568
1579	478718	430240
1580	479050	429964
1581	479384	429688
1582	479700	429396
1583	480010	429100
1584	480336	428817
1585	480687	428557
1586	481002	428265
1587	481307	427963
1588	481603	427654
1589	481927	427370
1590	482213	427051
1591	482506	426739
1592	482771	426402
1593	483073	426098
1594	483375	425794
1595	483675	425489
1596	483967	425176
1597	484287	424888
1598	484595	424588
1599	484885	424274
1600	485199	423981
1601	485480	423659
1602	485793	423364
1603	486110	423073
1604	486423	422779
1605	486729	422479
1606	487033	422176
1607	487338	421875
1608	487660	421588
1609	487933	421259
1610	488215	420937
1611	488509	420627
1612	488828	420337
1613	489100	420008
1614	489407	419708
1615	489709	419404
1616	490032	419118
1617	490357	418834
1618	490662	418533
1619	490982	418244
1620	491319	417969
1621	491658	417697
1622	491983	417412
1623	492306	417126
1624	492624	416836
1625	492923	416529
1626	493234	416233
1627	493542	415933
1628	493830	415618
1629	494136	415317
1630	494446	415020
1631	494764	414728
1632	495073	414430
1633	495344	414100
1634	495653	413802
1635	495983	413521
1636	496288	413220
1637	496564	412894
1638	496849	412576
1639	497109	412237
1640	497377	411905
1641	497658	411583
1642	497930	411255
1643	498243	410960
1644	498544	410654
1645	498821	410330
1646	499120	410024
1647	499432	409728
1648	499719	409412
1649	500032	409117
1650	500379	408850
1651	500694	408557
1652	501003	408258
1653	501311	407959
1654	501606	407650
1655	501908	407346
1656	502204	407036
1657	502514	406739
1658	502822	406440
1659	503135	406145
1660	503467	405865
1661	503766	405558
1662	504069	405255
1663	504390	404967
1664	504704	404673
1665	505013	404374
1666	505300	404058
1667	505601	403753
1668	505907	403453
1669	506225	403161
1670	506533	402862
1671	506826	402551
1672	507113	402234
1673	507421	401936
1674	507730	401637
1675	508035	401336
1676	508335	401030
1677	508660	400744
1678	508965	400442
1679	509276	400145
1680	509580	399843
1681	509805	399478
1682	510112	399179
1683	510454	398906
1684	510741	398590
1685	511039	398283
1686	511328	397969
1687	511642	397674
1688	511949	397374
1689	512248	397068
1690	512558	396770
1691	512857	396463
1692	513179	396175
1693	513499	395885
1694	513790	395573
1695	514136	395303
1696	514471	395024
1697	514779	394724
1698	515093	394430
1699	515404	394133
1700	515721	393840
1701	516015	393529
1702	516330	393236
1703	516623	392924
1704	516933	392627
1705	517244	392329
1706	517532	392014
1707	517843	391717
1708	518174	391435
1709	518506	391154
1710	518824	390861
1711	519123	390555
1712	519439	390262
1713	519752	389965
1714	520055	389662
1715	520371	389368
1716	520689	389076
1717	520998	388777
1718	521269	388450
1719	521587	388157
1720	521897	387859
1721	522200	387556
1722	522500	387250
1723	522807	386950
1724	523094	386634
1725	523382	386320
1726	523690	386021
1727	524007	385728
1728	524306	385421
1729	524614	385121
1730	524915	384816
1731	525243	384531
1732	525570	384245
1733	525856	383929
1734	526144	383615
1735	526470	383328
1736	526778	383028
1737	527064	382713
1738	527353	382399
1739	527671	382107
1740	528026	381840
1741	528342	381547
1742	528664	381257
1743	528954	380943
1744	529280	380656
1745	529588	380357
1746	529911	380068
1747	530212	379763
1748	530528	379468
1749	530861	379186
1750	531176	378892
1751	531460	378574
1752	531771	378276
1753	532097	377989
1754	532436	377711
1755	532777	377434
1756	533099	377144
1757	533426	376857
1758	533763	376577
1759	534149	376332
1760	534627	376151
1761	534960	375868
1762	535260	375562
1763	535585	375273
1764	535896	374975
1765	536182	374659
1766	536476	374349
1767	536787	374051
1768	537090	373747
1769	537403	373449
1770	537710	373148
1771	538020	372849
1772	538316	372540
1773	538630	372243
1774	538937	371942
1775	539247	371643
1776	539551	371340
1777	539851	371033
1778	540138	370719
1779	540454	370424
1780	540758	370120
1781	541040	369802
1782	541349	369502
1783	541636	369187
1784	541949	368890
1785	542260	368591
1786	542577	368297
1787	542888	367998
1788	543198	367698
1789	543507	367399
1790	543818	367100
1791	544137	366806
1792	544435	366499
1793	544732	366191
1794	545041	365891
1795	545334	365580
1796	545634	365274
1797	545946	364976
1798	546266	364684
1799	546564	364376
1800	546865	364071
1801	547156	363759
1802	547462	363456
1803	547760	363149
1804	548064	362846
1805	548390	362557
1806	548707	362262
1807	548988	361943
1808	549288	361637
1809	549585	361329
1810	549896	361030
1811	550208	360732
1812	550539	360446
1813	550865	360157
1814	551153	359844
1815	551454	359538
1816	551740	359223
1817	552008	358896
1818	552332	358606
1819	552653	358313
1820	552947	358004
1821	553265	357709
1822	553556	357397
1823	553867	357099
1824	554171	356795
1825	554493	356503
1826	554804	356204
1827	555111	355902
1828	555413	355597
1829	555726	355300
1830	556029	354996
1831	556333	354692
1832	556623	354380
1833	556905	354062
1834	557207	353758
1835	557518	353459
1836	557830	353160
1837	558162	352875
1838	558472	352575
1839	558788	352279
1840	559122	351995
1841	559418	351686
1842	559736	351391
1843	560055	351097
1844	560373	350802
1845	560677	350499
1846	561012	350215
1847	561323	349916
1848	561637	349618
1849	561937	349312
1850	562270	349027
1851	562585	348729
1852	562897	348431
1853	563200	348127
1854	563533	347841
1855	563871	347558
1856	564179	347257
1857	564495	346961
1858	564805	346661
1859	565111	346358
1860	565447	346074
1861	565763	345778
1862	566077	345480
1863	566420	345200
1864	566729	344899
1865	567020	344588
1866	567289	344262
1867	567597	343961
1868	567893	343653
1869	568183	343340
1870	568486	343036
1871	568805	342741
1872	569114	342440
1873	569414	342134
1874	569716	341829
1875	570003	341516
1876	570315	341217
1877	570624	340916
1878	570962	340632
1879	571263	340327
1880	571554	340015
1881	571850	339706
1882	572155	339404
1883	572464	339102
1884	572765	338797
1885	573060	338488
1886	573373	338190
1887	573668	337880
1888	573979	337581
1889	574296	337285
1890	574591	336976
1891	574878	336662
1892	575200	336369
1893	575515	336071
1894	575813	335764
1895	576109	335456
1896	576390	335139
1897	576704	334841
1898	577004	334535
1899	577326	334241
1900	577630	333938
1901	577909	333619
1902	578207	333312
1903	578518	333012
1904	578824	332709
1905	579120	332401
1906	579419	332095
1907	579709	331783
1908	580012	331479
1909	580335	331186
1910	580637	330881
1911	580933	330573
1912	581229	330265
1913	581548	329969
1914	581857	329668
1915	582163	329365
1916	582487	329073
1917	582824	328788
1918	583117	328478
1919	583428	328178
1920	583768	327894
1921	584071	327590
1922	584366	327281
1923	584666	326975
1924	584991	326683
1925	585279	326370
1926	585574	326062
1927	585866	325751
1928	586180	325453
1929	586483	325148
1930	586787	324845
1931	587103	324547
1932	587422	324252
1933	587746	323959
1934	588045	323653
1935	588355	323352
1936	588678	323058
1937	588969	322748
1938	589283	322449
1939	589599	322152
1940	589925	321860
1941	590249	321567
1942	590558	321266
1943	590914	320990
1944	591216	320685
1945	591528	320385
1946	591827	320079
1947	592145	319782
1948	592435	319471
1949	592741	319168
1950	593053	318868
1951	593407	318591
1952	593736	318301
1953	594047	318001
1954	594387	317715
1955	594697	317415
1956	594993	317106
1957	595326	316818
1958	595653	316526
1959	595978	316233
1960	596295	315936
1961	596603	315634
1962	596926	315340
1963	597225	315033
1964	597525	314727
1965	597863	314440
1966	598167	314136
1967	598463	313828
1968	598771	313526
1969	599099	313234
1970	599416	312937
1971	599722	312634
1972	600042	312338
1973	600335	312028
1974	600637	311723
1975	600942	311419
1976	601205	311094
1977	601512	310791
1978	601794	310476
1979	602108	310176
1980	602403	309868
1981	602719	309570
1982	603020	309264
1983	603371	308984
1984	603712	308699
1985	604022	308398
1986	604325	308093
1987	604622	307785
1988	604954	307495
1989	605286	307205
1990	605591	306902
1991	605892	306596
1992	606197	306292
1993	606511	305993
1994	606813	305687
1995	607126	305388
1996	607435	305086
1997	607752	304788
1998	608042	304477
1999	608371	304185
2000	608674	303880
2001	608948	303561
2002	609248	303255
2003	609562	302956
2004	609856	302646
2005	610148	302336
2006	610483	302047
2007	610787	301743
2008	611078	301433
2009	611383	301129
2010	611693	300827
2011	612005	300527
2012	612314	300225
2013	612634	299929
2014	612959	299635
2015	613279	299338
2016	613606	299045
2017	613927	298749
2018	614240	298449
2019	614516	298131
2020	614815	297825
2021	615114	297518
2022	615447	297227
2023	615749	296922
2024	616055	296619
2025	616366	296318
2026	616704	296030
2027	617011	295727
2028	617308	295419
2029	617621	295119
2030	617908	294807
2031	618226	294509
2032	618502	294191
2033	618804	293886
2034	619092	293574
2035	619397	293270
2036	619689	292960
2037	620009	292663
2038	620328	292366
2039	620633	292062
2040	620933	291756
2041	621254	291460
2042	621557	291155
2043	621859	290850
2044	622174	290551
2045	622492	290253
2046	622796	289948
2047	623099	289644
2048	623409	289342
2049	623714	289038
2050	624018	288734
2051	624333	288434
2052	624646	288134
2053	624936	287823
2054	625256	287526
2055	625562	287223
2056	625891	286930
2057	626201	286628
2058	626529	286335
2059	626833	286030
2060	627137	285726
2061	627405	285405
2062	627715	285104
2063	628037	284807
2064	628359	284511
2065	628681	284215
2066	628976	283906
2067	629277	283600
2068	629592	283301
2069	629887	282992
2070	630201	282693
2071	630524	282396
2072	630841	282098
2073	631143	281793
2074	631439	281485
2075	631767	281191
2076	632077	280889
2077	632391	280589
2078	632718	280295
2079	633019	279989
2080	633321	279684
2081	633615	279375
2082	633914	279068
2083	634211	278761
2084	634524	278460
2085	634820	278152
2086	635176	277870
2087	635494	277572
2088	635778	277258
2089	636066	276947
2090	636374	276645
2091	636686	276344
2092	636990	276039
2093	637295	275735
2094	637612	275436
2095	637930	275138
2096	638226	274830
2097	638526	274523
2098	638857	274230
2099	639182	273935
2100	639516	273643
2101	639820	273339
2102	640151	273045
2103	640467	272746
2104	640789	272449
2105	641095	272146
2106	641388	271836
2107	641688	271530
2108	641990	271224
2109	642306	270925
2110	642656	270640
2111	642946	270329
2112	643227	270015
2113	643565	269725
2114	643867	269419
2115	644167	269113
2116	644484	268814
2117	644801	268514
2118	645113	268213
2119	645414	267908
2120	645705	267598
2121	646006	267292
2122	646307	266985
2123	646594	266674
2124	646913	266376
2125	647237	266079
2126	647536	265773
2127	647859	265476
2128	648175	265176
2129	648483	264873
2130	648797	264572
2131	649104	264269
2132	649426	263972
2133	649744	263673
2134	650051	263369
2135	650376	263073
2136	650703	262778
2137	651027	262481
2138	651316	262170
2139	651630	261870
2140	651939	261567
2141	652236	261259
2142	652511	260943
2143	652806	260635
2144	653123	260335
2145	653420	260028
2146	653689	259709
2147	654001	259408
2148	654296	259100
2149	654589	258791
2150	654889	258485
2151	655210	258187
2152	655495	257874
2153	655835	257584
2154	656135	257278
2155	656448	256976
2156	656751	256672
2157	657069	256372
2158	657361	256063
2159	657666	255759
2160	657968	255453
2161	658280	255152
2162	658596	254852
2163	658885	254541
2164	659189	254237
2165	659504	253936
2166	659790	253624
2167	660110	253326
2168	660437	253030
2169	660756	252731
2170	661073	252431
2171	661396	252134
2172	661687	251825
2173	662023	251532
2174	662357	251239
2175	662677	250940
2176	663022	250651
2177	663344	250352
2178	663677	250059
2179	663995	249759
2180	664298	249454
2181	664636	249162
2182	664960	248865
2183	665269	248562
2184	665582	248260
2185	665905	247962
2186	666210	247658
2187	666477	247339
2188	666778	247034
2189	667096	246734
2190	667408	246432
2191	667726	246132
2192	668039	245831
2193	668340	245525
2194	668648	245221
2195	668930	244909
2196	669237	244605
2197	669553	244304
2198	669854	243998
2199	670170	243698
2200	670470	243392
2201	670776	243087
2202	671104	242791
2203	671400	242484
2204	671726	242187
2205	672031	241882
2206	672345	241581
2207	672646	241275
2208	672964	240975
2209	673279	240674
2210	673590	240372
2211	673885	240064
2212	674183	239756
2213	674501	239457
2214	674812	239154
2215	675117	238850
2216	675416	238543
2217	675717	238237
2218	676011	237929
2219	676336	237631
2220	676632	237323
2221	676939	237020
2222	677245	236716
2223	677552	236412
2224	677863	236109
2225	678168	235805
2226	678506	235512
2227	678813	235208
2228	679104	234898
2229	679414	234595
2230	679729	234294
2231	680032	233989
2232	680334	233684
2233	680639	233379
2234	680925	233068
2235	681232	232764
2236	681527	232456
2237	681835	232153
2238	682163	231856
2239	682461	231549
2240	682767	231245
2241	683054	230934
2242	683379	230636
2243	683691	230334
2244	683988	230027
2245	684298	229724
2246	684627	229427
2247	684941	229126
2248	685251	228823
2249	685563	228521
2250	685909	228230
2251	686219	227927
2252	686526	227623
2253	686831	227318
2254	687135	227013
2255	687446	226711
2256	687744	226404
2257	688072	226107
2258	688393	225807
2259	688689	225500
2260	689000	225197
2261	689318	224896
2262	689609	224587
2263	689918	224284
2264	690236	223983
2265	690603	223699
2266	690905	223393
2267	691213	223090
2268	691522	222786
2269	691826	222481
2270	692124	222174
2271	692428	221869
2272	692771	221577
2273	693063	221268
2274	693352	220958
2275	693649	220651
2276	693997	220360
2277	694293	220052
2278	694608	219751
2279	694904	219443
2280	695232	219146
2281	695528	218838
2282	695844	218537
2283	696183	218243
2284	696500	217942
2285	696806	217637
2286	697128	217338
2287	697439	217035
2288	697743	216730
2289	698060	216429
2290	698379	216128
2291	698703	215829
2292	699006	215524
2293	699308	215218
2294	699614	214914
2295	699911	214607
2296	700222	214304
2297	700519	213996
2298	700830	213693
2299	701123	213385
2300	701431	213081
2301	701735	212776
2302	702037	212470
2303	702349	212168
2304	702649	211861
2305	702946	211554
2306	703262	211253
2307	703584	210953
2308	703886	210647
2309	704170	210336
2310	704456	210026
2311	704760	209721
2312	705070	209417
2313	705362	209109
2314	705713	208817
2315	706035	208518
2316	706338	208212
2317	706639	207907
2318	706964	207608
2319	707280	207306
2320	707588	207002
2321	707903	206700
2322	708190	206390
2323	708476	206080
2324	708790	205777
2325	709096	205473
2326	709408	205170
2327	709714	204866
2328	710014	204559
2329	710335	204259
2330	710650	203957
2331	711021	203671
2332	711335	203369
2333	711610	203055
2334	711921	202752
2335	712228	202448
2336	712536	202144
2337	712837	201838
2338	713129	201529
2339	713436	201225
2340	713743	200921
2341	714073	200623
2342	714452	200339
2343	714768	200037
2344	715095	199738
2345	715363	199423
2346	715668	199118
2347	716005	198822
2348	716406	198544
2349	716856	198279
2350	717253	197999
2351	717565	197696
2352	717861	197389
2353	718169	197084
2354	718489	196783
2355	718849	196493
2356	719149	196187
2357	719442	195878
2358	719749	195574
2359	720047	195267
2360	720352	194961
2361	720657	194656
2362	720964	194352
2363	721271	194047
2364	721574	193741
2365	721851	193429
2366	722158	193124
2367	722468	192821
2368	722780	192517
2369	723072	192209
2370	723361	191899
2371	723654	191591
2372	723961	191286
2373	724267	190982
2374	724569	190676
2375	724865	190368
2376	725166	190062
2377	725467	189756
2378	725760	189448
2379	726106	189153
2380	726416	188850
2381	726748	188551
2382	727072	188251
2383	727404	187953
2384	727736	187655
2385	728048	187351
2386	728343	187044
2387	728659	186741
2388	728997	186445
2389	729288	186136
2390	729599	185832
2391	729921	185531
2392	730267	185237
2393	730570	184931
2394	730883	184628
2395	731208	184328
2396	731462	184009
2397	731748	183699
2398	732076	183400
2399	732387	183096
2400	732706	182795
2401	733001	182487
2402	733319	182185
2403	733633	181882
2404	733935	181576
2405	734241	181271
2406	734539	180964
2407	734853	180661
2408	735165	180358
2409	735473	180053
2410	735777	179748
2411	736100	179447
2412	736385	179137
2413	736700	178834
2414	737010	178530
2415	737358	178235
2416	737651	177927
2417	737954	177621
2418	738244	177312
2419	738548	177007
2420	738861	176704
2421	739188	176404
2422	739496	176099
2423	739757	175783
2424	740034	175472
2425	740351	175169
2426	740642	174861
2427	740943	174555
2428	741260	174252
2429	741557	173945
2430	741858	173639
2431	742162	173333
2432	742471	173029
2433	742773	172723
2434	743104	172424
2435	743434	172125
2436	743749	171822
2437	744042	171514
2438	744352	171210
2439	744649	170903
2440	744940	170594
2441	745267	170294
2442	745588	169992
2443	745909	169691
2444	746227	169389
2445	746516	169080
2446	746865	168784
2447	747208	168488
2448	747517	168183
2449	747834	167881
2450	748135	167575
2451	748462	167274
2452	748791	166974
2453	749139	166679
2454	749431	166370
2455	749743	166067
2456	750045	165761
2457	750376	165461
2458	750710	165162
2459	751039	164862
2460	751344	164557
2461	751640	164249
2462	751926	163940
2463	752229	163634
2464	752578	163338
2465	752913	163039
2466	753222	162735
2467	753528	162429
2468	753842	162126
2469	754137	161818
2470	754448	161514
2471	754762	161211
2472	755065	160905
2473	755361	160598
2474	755658	160291
2475	755971	159987
2476	756308	159688
2477	756626	159386
2478	756949	159084
2479	757268	158782
2480	757572	158476
2481	757909	158177
2482	758201	157869
2483	758510	157565
2484	758809	157258
2485	759172	156964
2486	759493	156662
2487	759799	156357
2488	760105	156052
2489	760435	155751
2490	760720	155442
2491	761027	155137
2492	761347	154834
2493	761654	154529
2494	761957	154223
2495	762258	153917
2496	762589	153617
2497	762924	153317
2498	763202	153007
2499	763507	152701
2500	763809	152395
2501	764139	152094
2502	764440	151788
2503	764742	151482
2504	765038	151175
2505	765357	150872
2506	765663	150567
2507	765956	150259
2508	766272	149955
2509	766557	149646
2510	766872	149343
2511	767159	149034
2512	767493	148734
2513	767825	148434
2514	768098	148122
2515	768383	147813
2516	768691	147508
2517	769005	147204
2518	769312	146899
2519	769619	146594
2520	769944	146292
2521	770247	145986
2522	770556	145681
2523	770890	145381
2524	771203	145077
2525	771518	144774
2526	771831	144470
2527	772141	144165
2528	772441	143859
2529	772750	143554
2530	773080	143253
2531	773359	142943
2532	773635	142632
2533	773952	142329
2534	774257	142023
2535	774547	141715
2536	774843	141408
2537	775155	141103
2538	775479	140801
2539	775807	140500
2540	776110	140194
2541	776412	139888
2542	776723	139584
2543	777045	139281
2544	777344	138975
2545	777635	138667
2546	777936	138360
2547	778252	138057
2548	778556	137751
2549	778873	137448
2550	779192	137145
2551	779487	136837
2552	779790	136532
2553	780074	136222
2554	780405	135921
2555	780724	135618
2556	781031	135313
2557	781335	135008
2558	781664	134706
2559	781986	134403
2560	782288	134097
2561	782581	133790
2562	782902	133487
2563	783201	133180
2564	783499	132874
2565	783813	132570
2566	784137	132267
2567	784420	131958
2568	784741	131655
2569	785030	131347
2570	785354	131045
2571	785652	130738
2572	785937	130429
2573	786230	130122
2574	786554	129819
2575	786879	129517
2576	787170	129209
2577	787456	128900
2578	787769	128596
2579	788091	128293
2580	788426	127993
2581	788750	127690
2582	789047	127383
2583	789355	127078
2584	789666	126774
2585	789985	126470
2586	790313	126169
2587	790639	125866
2588	790955	125563
2589	791273	125259
2590	791558	124950
2591	791867	124645
2592	792184	124342
2593	792520	124041
2594	792839	123737
2595	793163	123435
2596	793485	123132
2597	793798	122827
2598	794120	122524
2599	794448	122222
2600	794760	121918
2601	795052	121610
2602	795377	121307
2603	795700	121005
2604	795969	120694
2605	796288	120390
2606	796598	120085
2607	796913	119781
2608	797234	119478
2609	797549	119174
2610	797843	118866
2611	798176	118565
2612	798493	118261
2613	798780	117953
2614	799090	117648
2615	799412	117344
2616	799733	117041
2617	800046	116737
2618	800354	116431
2619	800648	116124
2620	800924	115814
2621	801233	115509
2622	801517	115200
2623	801810	114893
2624	802142	114591
2625	802440	114285
2626	802766	113982
2627	803074	113677
2628	803355	113368
2629	803665	113063
2630	803971	112757
2631	804287	112453
2632	804587	112147
2633	804907	111843
2634	805186	111534
2635	805461	111224
2636	805767	110919
2637	806069	110613
2638	806367	110306
2639	806673	110000
2640	806978	109695
2641	807273	109388
2642	807578	109082
2643	807856	108773
2644	808152	108466
2645	808462	108161
2646	808782	107858
2647	809089	107552
2648	809424	107251
2649	809737	106946
2650	810031	106639
2651	810360	106336
2652	810672	106032
2653	810993	105728
2654	811301	105423
2655	811588	105115
2656	811895	104810
2657	812209	104505
2658	812522	104200
2659	812825	103895
2660	813119	103587
2661	813382	103276
2662	813694	102972
2663	813998	102666
2664	814300	102360
2665	814621	102056
2666	814935	101752
2667	815234	101445
2668	815538	101140
2669	815858	100836
2670	816161	100530
2671	816480	100226
2672	816783	99920
2673	817076	99613
2674	817381	99308
2675	817697	99003
2676	818006	98698
2677	818291	98390
2678	818581	98083
2679	818879	97776
2680	819190	97471
2681	819515	97168
2682	819812	96861
2683	820109	96555
2684	820428	96251
2685	820735	95945
2686	821049	95641
2687	821362	95336
2688	821656	95029
2689	821950	94722
2690	822257	94417
2691	822571	94112
2692	822890	93808
2693	823195	93503
2694	823520	93199
2695	823844	92896
2696	824150	92590
2697	824451	92284
2698	824739	91977
2699	825043	91671
2700	825340	91365
2701	825662	91061
2702	825956	90754
2703	826263	90448
2704	826549	90141
2705	826864	89836
2706	827139	89527
2707	827477	89225
2708	827802	88922
2709	828105	88616
2710	828434	88313
2711	828729	88006
2712	829024	87699
2713	829332	87394
2714	829654	87090
2715	829953	86784
2716	830256	86478
2717	830559	86172
2718	830869	85867
2719	831181	85562
2720	831492	85257
2721	831787	84951
2722	832119	84648
2723	832421	84342
2724	832710	84034
2725	833007	83728
2726	833329	83424
2727	833620	83117
2728	833956	82814
2729	834284	82511
2730	834583	82205
2731	834890	81899
2732	835195	81594
2733	835521	81290
2734	835829	80985
2735	836127	80678
2736	836438	80373
2737	836771	80070
2738	837077	79765
2739	837389	79460
2740	837703	79155
2741	838001	78849
2742	838293	78542
2743	838575	78234
2744	838883	77929
2745	839173	77622
2746	839485	77317
2747	839784	77010
2748	840091	76705
2749	840387	76398
2750	840688	76092
2751	840999	75787
2752	841306	75482
2753	841612	75176
2754	841918	74871
2755	842234	74566
2756	842554	74262
2757	842850	73955
2758	843151	73649
2759	843470	73345
2760	843764	73038
2761	844104	72735
2762	844406	72430
2763	844724	72125
2764	845031	71820
2765	845324	71513
2766	845634	71208
2767	845947	70903
2768	846253	70597
2769	846538	70290
2770	846863	69986
2771	847192	69682
2772	847508	69377
2773	847803	69071
2774	848098	68764
2775	848424	68460
2776	848831	68163
2777	849420	67880
2778	849908	67589
2779	850271	67287
2780	850629	66985
2781	851074	66690
2782	851426	66388
2783	851858	66092
2784	852208	65789
2785	852520	65484
2786	852829	65178
2787	853152	64873
2788	853459	64567
2789	853744	64260
2790	854047	63954
2791	854372	63649
2792	854692	63344
2793	855022	63040
2794	855361	62736
2795	855689	62432
2796	856022	62128
2797	856383	61826
2798	856690	61520
2799	856986	61213
2800	857280	60906
2801	857610	60602
2802	857940	60297
2803	858234	59990
2804	858523	59683
2805	858835	59377
2806	859166	59073
2807	859482	58768
2808	859796	58462
2809	860119	58157
2810	860432	57851
2811	860739	57545
2812	861024	57238
2813	861356	56933
2814	861657	56627
2815	861982	56322
2816	862281	56016
2817	862613	55711
2818	862947	55407
2819	863301	55104
2820	863571	54795
2821	863883	54490
2822	864212	54185
2823	864538	53880
2824	864835	53573
2825	865135	53267
2826	865437	52961
2827	865733	52654
2828	866030	52347
2829	866345	52041
2830	866639	51735
2831	866942	51428
2832	867252	51122
2833	867549	50816
2834	867856	50510
2835	868163	50204
2836	868479	49898
2837	868769	49591
2838	869060	49284
2839	869361	48978
2840	869689	48673
2841	869957	48364
2842	870289	48060
2843	870595	47754
2844	870906	47448
2845	871212	47142
2846	871521	46836
2847	871831	46530
2848	872159	46225
2849	872493	45920
2850	872785	45613
2851	873099	45308
2852	873417	45002
2853	873728	44696
2854	874030	44390
2855	874345	44084
2856	874645	43778
2857	874954	43472
2858	875255	43165
2859	875566	42859
2860	875880	42554
2861	876176	42247
2862	876480	41941
2863	876779	41634
2864	877124	41330
2865	877429	41024
2866	877754	40718
2867	878069	40413
2868	878388	40107
2869	878669	39800
2870	878986	39494
2871	879321	39189
2872	879632	38883
2873	879944	38577
2874	880267	38272
2875	880580	37966
2876	880874	37659
2877	881179	37353
2878	881502	37048
2879	881832	36743
2880	882164	36437
2881	882468	36131
2882	882778	35825
2883	883074	35518
2884	883387	35213
2885	883671	34905
2886	884026	34601
2887	884333	34295
2888	884636	33989
2889	884959	33683
2890	885305	33378
2891	885622	33073
2892	885930	32766
2893	886230	32460
2894	886520	32153
2895	886827	31847
2896	887146	31541
2897	887450	31235
2898	887739	30928
2899	888043	30622
2900	888354	30316
2901	888636	30009
2902	888959	29703
2903	889263	29397
2904	889510	29088
2905	889846	28783
2906	890150	28477
2907	890468	28171
2908	890839	27867
2909	891152	27561
2910	891449	27254
2911	891753	26948
2912	892093	26643
2913	892393	26336
2914	892700	26030
2915	893049	25725
2916	893350	25419
2917	893659	25113
2918	893963	24806
2919	894312	24501
2920	894621	24195
2921	894956	23890
2922	895277	23584
2923	895584	23277
2924	895887	22971
2925	896194	22665
2926	896481	22358
2927	896847	22053
2928	897171	21747
2929	897471	21441
2930	897769	21134
2931	898094	20828
2932	898479	20524
2933	898897	20220
2934	899217	19914
2935	899530	19608
2936	899824	19301
2937	900144	18995
2938	900457	18689
2939	900771	18383
2940	901082	18076
2941	901431	17771
2942	901710	17464
2943	902019	17157
2944	902326	16851
2945	902627	16545
2946	902937	16238
2947	903250	15932
2948	903554	15626
2949	903856	15319
2950	904161	15013
2951	904456	14706
2952	904746	14399
2953	905033	14093
2954	905344	13786
2955	905639	13480
2956	905948	13174
2957	906251	12867
2958	906543	12561
2959	906873	12255
2960	907186	11948
2961	907481	11642
2962	907788	11335
2963	908100	11029
2964	908434	10723
2965	908732	10417
2966	909039	10110
2967	909346	9804
2968	909653	9497
2969	909971	9191
2970	910284	8885
2971	910598	8578
2972	910891	8272
2973	911196	7966
2974	911519	7659
2975	911837	7353
2976	912128	7047
2977	912437	6740
2978	912746	6434
2979	913063	6127
2980	913375	5821
2981	913678	5515
2982	913960	5208
2983	914258	4902
2984	914578	4595
2985	914905	4289
2986	915199	3983
2987	915534	3676
2988	915824	3370
2989	916136	3064
2990	916473	2757
2991	916782	2451
2992	917103	2144
2993	917413	1838
2994	917739	1532
2995	918057	1225
2996	918349	919
2997	918641	612
2998	918962	306
2999	919302	0
